Model,Precision,Recall,F1-Score,ROC-AUC,PR-AUC
Logistic Regression,0.4421768707482993,0.8024691358024691,0.5701754385964912,0.9260517417629943,0.6567009955306777
Decision Tree,0.4621212121212121,0.7530864197530864,0.5727699530516432,0.8640638515373122,0.4315199247430115
Random Forest,0.45517241379310347,0.8148148148148148,0.584070796460177,0.9237398757568609,0.6089764568430864
Gradient Boosting,0.5,0.691358024691358,0.5803108808290155,0.9303766611622237,0.655335895244581
