Model,Precision,Recall,F1-Score,ROC-AUC,PR-AUC
Logistic Regression,0.4793814432989691,0.9207920792079208,0.6305084745762712,0.9705190702556494,0.7819599393922436
Decision Tree,0.4966442953020134,0.7326732673267327,0.592,0.9346645673741686,0.533607957031666
Random Forest,0.5460122699386503,0.8811881188118812,0.6742424242424242,0.9693382182254924,0.7585830250530798
Gradient Boosting,0.6307692307692307,0.8118811881188119,0.70995670995671,0.97040804997931,0.7623441727903196
