Threshold,Precision,Recall,F1-Score,TP,FP,FN,Net Benefit ($)
0.3,0.4206008583690987,0.9702970297029703,0.5868263473053892,98,135,3,8065000
0.4,0.47715736040609136,0.9306930693069307,0.6308724832214765,94,103,7,7509000
0.5,0.5393939393939394,0.8811881188118812,0.6691729323308271,89,76,12,6723000
0.6,0.6028368794326241,0.8415841584158416,0.7024793388429752,85,56,16,6083000
0.7,0.6551724137931034,0.7524752475247525,0.7004608294930875,76,40,25,4440000
